mean_fit_time,std_fit_time,mean_score_time,std_score_time,param_svr__C,param_svr__epsilon,param_svr__gamma,params,split0_test_score,split1_test_score,split2_test_score,split3_test_score,split4_test_score,mean_test_score,std_test_score,rank_test_score
0.043532800674438474,0.0006954189812946634,0.02849717140197754,0.0013978219318553854,1000.0,0.01,scale,"{'svr__C': 1000, 'svr__epsilon': 0.01, 'svr__gamma': 'scale'}",-277.1306914962154,-456.73665308466275,-1553.1661266235544,-1095.2630221129866,-180.67243493745312,-712.5937856509744,527.4521602843867,1
0.058203840255737306,0.015092104748854366,0.035344171524047854,0.010923729385199206,1000.0,0.1,scale,"{'svr__C': 1000, 'svr__epsilon': 0.1, 'svr__gamma': 'scale'}",-277.14857016324896,-456.76229806156476,-1553.187298646237,-1095.34074186253,-180.65151403471296,-712.6180845536586,527.4689658534186,2
0.05049605369567871,0.011313351401756764,0.030683374404907225,0.007016046054644607,1000.0,0.2,scale,"{'svr__C': 1000, 'svr__epsilon': 0.2, 'svr__gamma': 'scale'}",-277.19413572959894,-456.79072765613466,-1553.2111816993074,-1095.426958044106,-180.62834990556016,-712.6502706069415,527.4834808654948,3
0.07073545455932617,0.02313120843839963,0.041928577423095706,0.009041903339571031,1000.0,0.5,scale,"{'svr__C': 1000, 'svr__epsilon': 0.5, 'svr__gamma': 'scale'}",-277.33086310547947,-456.87643672768763,-1553.3224060556051,-1095.6858112737075,-180.59927805911332,-712.7629590443187,527.5314778392136,4
0.06349730491638184,0.017237464049548026,0.034789085388183594,0.008842266963896558,1000.0,1.0,scale,"{'svr__C': 1000, 'svr__epsilon': 1.0, 'svr__gamma': 'scale'}",-277.5570278146224,-457.01960243503794,-1553.589975390784,-1096.0578092114633,-180.57256980387456,-712.9593969311566,527.6249232306451,5
0.052701377868652345,0.018270031586393353,0.03543858528137207,0.014539883832175625,1000.0,1.0,auto,"{'svr__C': 1000, 'svr__epsilon': 1.0, 'svr__gamma': 'auto'}",-289.52337978403733,-464.6457163060683,-1521.8033792444655,-1149.2420181163566,-168.36475267846282,-718.7158492258782,525.7274009806387,6
0.05617156028747559,0.015463194431648272,0.03915419578552246,0.012518743312598493,1000.0,0.5,auto,"{'svr__C': 1000, 'svr__epsilon': 0.5, 'svr__gamma': 'auto'}",-289.519639440965,-464.81523813639177,-1521.6343381265922,-1149.1290104850993,-168.5632815367216,-718.7323015451541,525.5999129358166,7
0.0637202262878418,0.012563116992363852,0.052974510192871097,0.015225539982271986,1000.0,0.2,auto,"{'svr__C': 1000, 'svr__epsilon': 0.2, 'svr__gamma': 'auto'}",-289.51464943734953,-464.9173496950711,-1521.5346951428,-1149.0612967898578,-168.6803575375868,-718.741669720533,525.5248216108755,8
0.0525238037109375,0.009701431809467528,0.04438529014587402,0.021809152368866904,1000.0,0.1,auto,"{'svr__C': 1000, 'svr__epsilon': 0.1, 'svr__gamma': 'auto'}",-289.5130155357325,-464.95154293555674,-1521.5064465193752,-1149.0388945072823,-168.71917738520165,-718.7458153766296,525.5013599494753,9
0.06008543968200684,0.02125138527090689,0.041069984436035156,0.012419479856855502,1000.0,0.01,auto,"{'svr__C': 1000, 'svr__epsilon': 0.01, 'svr__gamma': 'auto'}",-289.51162265264435,-464.9823110054925,-1521.4888352211385,-1149.028545800044,-168.75418071780982,-718.7530990794259,525.4842129490211,10
0.06007604598999024,0.020573138392390167,0.03354268074035645,0.007314476969268585,1000.0,0.01,0.01,"{'svr__C': 1000, 'svr__epsilon': 0.01, 'svr__gamma': 0.01}",-264.0164016483286,-462.3428452170925,-1607.7649390651832,-1061.472877822652,-217.95043890378847,-722.7095005314089,534.9870315306165,11
0.04685988426208496,0.006262335999399486,0.030679988861083984,0.006565550844557018,1000.0,0.1,0.01,"{'svr__C': 1000, 'svr__epsilon': 0.1, 'svr__gamma': 0.01}",-264.0293441297709,-462.35087165184217,-1607.782850558076,-1061.5202928595809,-217.9579712535124,-722.7282660905564,534.9945409033244,12
0.0591792106628418,0.01833327098361067,0.03419032096862793,0.0035595814736106507,1000.0,0.2,0.01,"{'svr__C': 1000, 'svr__epsilon': 0.2, 'svr__gamma': 0.01}",-264.0428926672099,-462.3598050331979,-1607.8026790396232,-1061.5731299152085,-217.96633003631536,-722.748967338311,535.0030234400347,13
0.04992966651916504,0.007038890454588854,0.03717451095581055,0.0119355631395073,1000.0,0.5,0.01,"{'svr__C': 1000, 'svr__epsilon': 0.5, 'svr__gamma': 0.01}",-264.08339027592774,-462.3869703264634,-1607.8622650823843,-1061.7313497974258,-217.9918726365514,-722.8111696237505,535.0283715537246,14
0.049837160110473636,0.0035579818083661197,0.03218650817871094,0.003035169672422599,1000.0,1.0,0.01,"{'svr__C': 1000, 'svr__epsilon': 1.0, 'svr__gamma': 0.01}",-264.2216763866977,-462.5495812762462,-1607.961811559171,-1061.9445607924995,-218.03258052788297,-722.9420421084994,535.041095986554,15
0.052230119705200195,0.007078660217818708,0.02927432060241699,0.0030012047309626194,1000.0,1.0,0.1,"{'svr__C': 1000, 'svr__epsilon': 1.0, 'svr__gamma': 0.1}",-318.8238333586351,-481.36789644976653,-1563.8292509851426,-1228.9631754573397,-203.11774824735838,-759.2203808996485,538.2295025549879,16
0.06905093193054199,0.015379936293244368,0.048763084411621097,0.013155460588747706,1000.0,0.5,0.1,"{'svr__C': 1000, 'svr__epsilon': 0.5, 'svr__gamma': 0.1}",-318.82706263383096,-481.34940744253925,-1563.891934659634,-1228.9868254761268,-203.16829847590367,-759.2447057376069,538.2433074275998,17
0.05324053764343262,0.01609248659988244,0.027812814712524413,0.0004321720823122797,1000.0,0.2,0.1,"{'svr__C': 1000, 'svr__epsilon': 0.2, 'svr__gamma': 0.1}",-318.81557837395195,-481.3385869377475,-1563.9297257744427,-1229.0010372452005,-203.19902546743734,-759.2567907597561,538.2537352172753,18
0.06134796142578125,0.015434436979370768,0.030654287338256835,0.0039818455865514146,1000.0,0.1,0.1,"{'svr__C': 1000, 'svr__epsilon': 0.1, 'svr__gamma': 0.1}",-318.81211382420116,-481.3349752095641,-1563.942348484952,-1229.0058155809686,-203.20936056229843,-759.2609227323968,538.2571479646881,19
0.05218338966369629,0.008024120110637693,0.04596281051635742,0.01619987590982112,1000.0,0.01,0.1,"{'svr__C': 1000, 'svr__epsilon': 0.01, 'svr__gamma': 0.1}",-318.80904856661067,-481.33179710843604,-1563.953633253064,-1228.9918070081715,-203.21877504718424,-759.2610121966934,538.2569617452609,20
0.055102300643920896,0.01660177866568412,0.036734390258789065,0.007612579151415335,1000.0,0.5,0.001,"{'svr__C': 1000, 'svr__epsilon': 0.5, 'svr__gamma': 0.001}",-292.78813215665144,-541.5528336024423,-1827.9163135075303,-1375.1501615117584,-404.0018106383694,-888.2818502833504,604.8660369193179,21
0.05097699165344238,0.011095536442157302,0.041271638870239255,0.011633235161424931,1000.0,0.2,0.001,"{'svr__C': 1000, 'svr__epsilon': 0.2, 'svr__gamma': 0.001}",-292.76620613228835,-541.5232959743514,-1828.0170923691805,-1375.1113827081715,-404.00668553826466,-888.2849325444513,604.8980296571618,22
0.0560450553894043,0.01617757411937159,0.04110541343688965,0.012812649686890517,1000.0,0.1,0.001,"{'svr__C': 1000, 'svr__epsilon': 0.1, 'svr__gamma': 0.001}",-292.7589929180846,-541.5135033049266,-1828.0506950290462,-1375.0979588600887,-404.00842021115363,-888.28591406466,604.9085749477216,23
0.05694904327392578,0.017618951264606917,0.033897686004638675,0.006610372444996469,1000.0,0.01,0.001,"{'svr__C': 1000, 'svr__epsilon': 0.01, 'svr__gamma': 0.001}",-292.7525221675978,-541.5047034193252,-1828.0809415718588,-1375.0862717758573,-404.01003276459585,-888.2868943398469,604.9181167927143,24
0.04725627899169922,0.005705346326663333,0.030414915084838866,0.0024660116051915125,1000.0,1.0,0.001,"{'svr__C': 1000, 'svr__epsilon': 1.0, 'svr__gamma': 0.001}",-292.82525370802284,-541.6020416934665,-1827.7484458139843,-1375.4965970628464,-403.9939102079256,-888.3332496972491,604.857989511475,25
0.051346635818481444,0.010205782738666376,0.036538219451904295,0.008551585019669147,100.0,0.01,auto,"{'svr__C': 100, 'svr__epsilon': 0.01, 'svr__gamma': 'auto'}",-302.3092497655559,-535.6225552956295,-1820.616657365987,-1439.5176759501362,-395.5614723297216,-898.7255221414059,613.6887833970173,26
0.06127634048461914,0.017967506430138214,0.04188017845153809,0.011093680403316422,100.0,0.1,auto,"{'svr__C': 100, 'svr__epsilon': 0.1, 'svr__gamma': 'auto'}",-302.29199180720684,-535.610904525118,-1820.6329981759093,-1439.5452136086717,-395.5526417544368,-898.7267499742686,613.7047274104995,27
0.05770044326782227,0.01335823993771208,0.03999457359313965,0.014696420782075925,100.0,0.2,auto,"{'svr__C': 100, 'svr__epsilon': 0.2, 'svr__gamma': 'auto'}",-302.28011635989407,-535.5977163433213,-1820.6512203990865,-1439.5758933684094,-395.54268904572245,-898.7295271032868,613.721110281845,28
0.05852179527282715,0.015187229702461306,0.035595130920410153,0.006199999412370353,100.0,0.5,auto,"{'svr__C': 100, 'svr__epsilon': 0.5, 'svr__gamma': 'auto'}",-302.2511160407131,-535.5547314867886,-1820.719329342765,-1439.66812301866,-395.51301920259476,-898.7412638183041,613.7734175010058,29
0.06249394416809082,0.02345748471624448,0.03433527946472168,0.008940469744789504,100.0,1.0,auto,"{'svr__C': 100, 'svr__epsilon': 1.0, 'svr__gamma': 'auto'}",-302.2047863203291,-535.4792597405799,-1820.884656596122,-1439.821692170329,-395.4640796673191,-898.7708948989359,613.8761176456683,30
0.05372066497802734,0.011509801809286757,0.03542723655700684,0.007676613744165061,100.0,0.01,scale,"{'svr__C': 100, 'svr__epsilon': 0.01, 'svr__gamma': 'scale'}",-300.76602154656945,-544.8634128031133,-1833.8425560717355,-1449.2922420627951,-408.1526857411697,-907.3833836450765,616.5433402435414,31
0.04971976280212402,0.014078564684461023,0.03037867546081543,0.004426645198567789,100.0,0.1,scale,"{'svr__C': 100, 'svr__epsilon': 0.1, 'svr__gamma': 'scale'}",-300.7881857722665,-544.8905351962383,-1833.8474234149558,-1449.2733542045155,-408.18899539931334,-907.3976987974578,616.52805170081,32
0.063789701461792,0.015603474075449755,0.03442378044128418,0.006620434111815097,100.0,0.2,scale,"{'svr__C': 100, 'svr__epsilon': 0.2, 'svr__gamma': 'scale'}",-300.8127904965353,-544.9206410412186,-1833.8491566978548,-1449.2523659451551,-408.2294639840171,-907.4128836329562,616.5099476938619,33
0.05235986709594727,0.015474468696944986,0.036496305465698244,0.00619311814848445,100.0,0.5,scale,"{'svr__C': 100, 'svr__epsilon': 0.5, 'svr__gamma': 'scale'}",-300.88677911951737,-544.9816794944095,-1833.8383267287666,-1449.2501340259219,-408.3505189659626,-907.4614876669154,616.4649597071179,34
0.055423307418823245,0.024131198229654732,0.0355628490447998,0.011516248775136875,100.0,1.0,scale,"{'svr__C': 100, 'svr__epsilon': 1.0, 'svr__gamma': 'scale'}",-301.0103200442674,-545.0803390855415,-1833.8202742481874,-1449.279291477564,-408.54288684527774,-907.5466223401676,616.3975962910316,35
0.06641430854797363,0.013000749982358187,0.047890233993530276,0.008313964260683303,100.0,1.0,0.1,"{'svr__C': 100, 'svr__epsilon': 1.0, 'svr__gamma': 0.1}",-313.46487276162594,-534.8429735300884,-1829.465640717091,-1465.1621438920547,-399.03834473252016,-908.3947951266761,618.2698363577862,36
0.06364579200744629,0.006788942040414014,0.05042610168457031,0.00773741572220001,100.0,0.5,0.1,"{'svr__C': 100, 'svr__epsilon': 0.5, 'svr__gamma': 0.1}",-313.5067104802802,-534.8988786747298,-1829.4438657509297,-1465.1735671829235,-399.0846981733026,-908.4215440524333,618.2429612461318,37
0.0671173095703125,0.020023226533562945,0.03995561599731445,0.010711767204576846,100.0,0.2,0.1,"{'svr__C': 100, 'svr__epsilon': 0.2, 'svr__gamma': 0.1}",-313.5319195278957,-534.9361272905417,-1829.4326445953866,-1465.1804027746207,-399.11279161745216,-908.4387771611794,618.2268677130913,38
0.0494379997253418,0.009545880907420598,0.02875809669494629,0.001958790524557812,100.0,0.1,0.1,"{'svr__C': 100, 'svr__epsilon': 0.1, 'svr__gamma': 0.1}",-313.54037502885126,-534.948552866728,-1829.428885875539,-1465.1826556640408,-399.1221448520699,-908.4445228574459,618.221483755594,39
0.05487613677978516,0.011609738374464058,0.04299163818359375,0.015171785267305248,100.0,0.01,0.1,"{'svr__C': 100, 'svr__epsilon': 0.01, 'svr__gamma': 0.1}",-313.54802102011314,-534.9597786105159,-1829.425527489734,-1465.1847343138654,-399.13061143452666,-908.4497345737511,618.2166345647181,40
0.05470466613769531,0.015092733139247957,0.05010666847229004,0.017750527339325455,100.0,0.1,0.01,"{'svr__C': 100, 'svr__epsilon': 0.1, 'svr__gamma': 0.01}",-301.6296141371461,-551.4995249121197,-1848.0646336009588,-1462.3327445586572,-423.5244728797297,-917.4101980177223,619.6866495046329,41
0.06234817504882813,0.03815944614546607,0.030022192001342773,0.0016270126317750062,100.0,0.2,0.01,"{'svr__C': 100, 'svr__epsilon': 0.2, 'svr__gamma': 0.01}",-301.6483393928132,-551.5020234254214,-1848.0306101947465,-1462.319616079169,-423.55419570730356,-917.4109569598908,619.6653669906718,42
0.05712947845458984,0.008020203890175714,0.03637142181396484,0.009793996011018982,100.0,0.01,0.01,"{'svr__C': 100, 'svr__epsilon': 0.01, 'svr__gamma': 0.01}",-301.61276384360104,-551.5114658872733,-1848.095534012568,-1462.3444835043579,-423.49778339688703,-917.4124061289373,619.7041883894242,43
0.06054368019104004,0.012702555461359784,0.04129514694213867,0.0084719554766117,100.0,0.5,0.01,"{'svr__C': 100, 'svr__epsilon': 0.5, 'svr__gamma': 0.01}",-301.7048498425189,-551.5183269779983,-1847.9281955033225,-1462.3078914343535,-423.6433534929694,-917.4205234502324,619.6051764178111,44
0.053789281845092775,0.009061676202050076,0.03262944221496582,0.006303258809883481,100.0,1.0,0.01,"{'svr__C': 100, 'svr__epsilon': 1.0, 'svr__gamma': 0.01}",-301.79938660745825,-551.545527007985,-1847.7577087397747,-1462.319574733566,-423.79242125631123,-917.442923669019,619.5102666361346,45
0.05903902053833008,0.015848270536072056,0.04496312141418457,0.016615230720598635,10.0,0.01,auto,"{'svr__C': 10, 'svr__epsilon': 0.01, 'svr__gamma': 'auto'}",-342.6051696376956,-590.3136256880314,-1914.390095415835,-1567.757202005552,-521.4212698759205,-987.297472524607,630.3489835342932,46
0.04884977340698242,0.008210354253572402,0.035767984390258786,0.010170823894910162,10.0,0.1,auto,"{'svr__C': 10, 'svr__epsilon': 0.1, 'svr__gamma': 'auto'}",-342.6051696376956,-590.3136256880314,-1914.390095415835,-1567.7969769504152,-521.3838453566192,-987.2979426097194,630.3618411814704,47
0.05663862228393555,0.025072004319060683,0.028525018692016603,0.0011502124115613918,10.0,0.2,auto,"{'svr__C': 10, 'svr__epsilon': 0.2, 'svr__gamma': 'auto'}",-342.6051696376956,-590.3136256880314,-1914.390095415835,-1567.8473848255294,-521.3422776287366,-987.2997106391656,630.377270492543,48
0.056572341918945314,0.013846587987798416,0.03638143539428711,0.00785963575545864,10.0,0.5,auto,"{'svr__C': 10, 'svr__epsilon': 0.5, 'svr__gamma': 'auto'}",-342.6051696376956,-590.3025619044466,-1914.390095415835,-1567.9986369931646,-521.2176696696976,-987.302826724168,630.4249488686735,49
0.06356425285339355,0.013642955198152914,0.04576611518859863,0.009581482725683606,10.0,1.0,auto,"{'svr__C': 10, 'svr__epsilon': 1.0, 'svr__gamma': 'auto'}",-342.6051696376956,-590.2705168667843,-1914.390095415835,-1568.250819052671,-521.0103073809852,-987.3053816707941,630.5061159492338,50
0.05595235824584961,0.011849304558977028,0.03629460334777832,0.009765221777429436,100.0,0.01,0.001,"{'svr__C': 100, 'svr__epsilon': 0.01, 'svr__gamma': 0.001}",-344.2522947608223,-592.8541703363786,-1916.5585257089203,-1563.152979476721,-524.6924902183206,-988.3020921002326,629.0034359986992,51
0.05339779853820801,0.015119772358829327,0.03757534027099609,0.011853900693608612,100.0,0.1,0.001,"{'svr__C': 100, 'svr__epsilon': 0.1, 'svr__gamma': 0.001}",-344.2522947608223,-592.8541703363786,-1916.5585257089203,-1563.152979476721,-524.6924902183206,-988.3020921002326,629.0034359986992,51
0.05671505928039551,0.014407593085692618,0.036688947677612306,0.012025371760851477,100.0,0.2,0.001,"{'svr__C': 100, 'svr__epsilon': 0.2, 'svr__gamma': 0.001}",-344.2522947608223,-592.8541703363786,-1916.5585257089203,-1563.152979476721,-524.6924902183206,-988.3020921002326,629.0034359986992,51
0.04324488639831543,0.0009983598397190969,0.028708600997924806,0.002776921299794511,100.0,0.5,0.001,"{'svr__C': 100, 'svr__epsilon': 0.5, 'svr__gamma': 0.001}",-344.2522947608223,-592.8711822640224,-1916.5585257089203,-1563.152979476721,-524.6924902183206,-988.3054944857615,629.0012969874559,54
0.05611100196838379,0.01771858127099877,0.03294014930725098,0.005194282298861465,100.0,1.0,0.001,"{'svr__C': 100, 'svr__epsilon': 1.0, 'svr__gamma': 0.001}",-344.2522947608223,-592.9067693211067,-1916.5585257089203,-1563.152979476721,-524.6924902183206,-988.3126118971783,628.996822628823,55
0.05084462165832519,0.015330844248853196,0.04058041572570801,0.011122564868345331,10.0,0.01,0.1,"{'svr__C': 10, 'svr__epsilon': 0.01, 'svr__gamma': 0.1}",-341.5961083423358,-584.5612889513053,-1916.6621883231976,-1582.5788395439192,-518.0007384861282,-988.6798327293773,635.2063028872296,56
0.04923653602600098,0.012047470033121307,0.03558826446533203,0.014661050180904522,10.0,0.1,0.1,"{'svr__C': 10, 'svr__epsilon': 0.1, 'svr__gamma': 0.1}",-341.5961083423358,-584.5629403896642,-1916.6621883231976,-1582.5788395439192,-518.0158630292286,-988.6831879256691,635.2038513654152,57
0.04748697280883789,0.004306972884678399,0.029735469818115236,0.00446195661783403,10.0,0.2,0.1,"{'svr__C': 10, 'svr__epsilon': 0.2, 'svr__gamma': 0.1}",-341.5961083423358,-584.5647768292588,-1916.6621883231976,-1582.5788395439192,-518.0326770877751,-988.6869180252974,635.2011259786996,58
0.07626962661743164,0.037943249729993064,0.05336837768554688,0.008992690121188225,10.0,0.5,0.1,"{'svr__C': 10, 'svr__epsilon': 0.5, 'svr__gamma': 0.1}",-341.5961083423358,-584.5702956726427,-1916.6621883231976,-1582.5788395439192,-518.0831196507204,-988.6981103065633,635.1929488880768,59
0.06261992454528809,0.0202566759208911,0.03477458953857422,0.006528700746436184,10.0,1.0,0.1,"{'svr__C': 10, 'svr__epsilon': 1.0, 'svr__gamma': 0.1}",-341.5961083423358,-584.5795254927156,-1916.6621883231976,-1582.570414671979,-518.1672517883391,-988.7150977237134,635.1777330629034,60
0.050777864456176755,0.008517123793689506,0.03583121299743652,0.010697325791176165,10.0,0.01,scale,"{'svr__C': 10, 'svr__epsilon': 0.01, 'svr__gamma': 'scale'}",-345.1301560185601,-593.2284790815863,-1917.4809798643023,-1573.1232448334067,-526.4341197816964,-991.0793959159104,630.6228574970146,61
0.0899960994720459,0.050785769676796357,0.029108095169067382,0.0019835293570173106,10.0,0.1,scale,"{'svr__C': 10, 'svr__epsilon': 0.1, 'svr__gamma': 'scale'}",-345.1301560185601,-593.231987987992,-1917.4809798643023,-1573.1232448334067,-526.4341197816964,-991.0800976971916,630.6224147546752,62
0.056965208053588866,0.01373836106379424,0.0376924991607666,0.005534541085962121,10.0,0.2,scale,"{'svr__C': 10, 'svr__epsilon': 0.2, 'svr__gamma': 'scale'}",-345.1301560185601,-593.2360004102699,-1917.4809798643023,-1573.1232448334067,-526.4341197816964,-991.0809001816472,630.6219084837968,63
0.05433783531188965,0.01318331861598653,0.04298090934753418,0.01543009292016838,10.0,0.5,scale,"{'svr__C': 10, 'svr__epsilon': 0.5, 'svr__gamma': 'scale'}",-345.1301560185601,-593.2479938482318,-1917.4809798643023,-1573.1232448334067,-526.4341197816964,-991.0832988692395,630.6203952232369,64
0.05659737586975098,0.013103346796673163,0.04429192543029785,0.017993812578488293,10.0,1.0,scale,"{'svr__C': 10, 'svr__epsilon': 1.0, 'svr__gamma': 'scale'}",-345.1301560185601,-593.2680209876544,-1917.4809798643023,-1573.1232448334067,-526.4341197816964,-991.087304297124,630.6178683913395,65
0.04485244750976562,0.0025862053444713697,0.039595603942871094,0.014294243109098494,10.0,0.01,0.01,"{'svr__C': 10, 'svr__epsilon': 0.01, 'svr__gamma': 0.01}",-346.69725230867743,-594.2502177175362,-1919.526777709013,-1578.3750824264487,-529.8767084388512,-993.7452077201053,631.2376563537676,66
0.059897994995117186,0.017733002422660418,0.05320448875427246,0.02160606293300779,10.0,0.1,0.01,"{'svr__C': 10, 'svr__epsilon': 0.1, 'svr__gamma': 0.01}",-346.69725230867743,-594.2671156287487,-1919.526777709013,-1578.3750824264487,-529.8767084388512,-993.7485873023477,631.235517530767,67
0.061112260818481444,0.013969351543637865,0.03738808631896973,0.007832102325417778,10.0,0.2,0.01,"{'svr__C': 10, 'svr__epsilon': 0.2, 'svr__gamma': 0.01}",-346.69725230867743,-594.2858964227705,-1919.526777709013,-1578.3750824264487,-529.8767084388512,-993.7523434611521,631.2331404616492,68
0.05385036468505859,0.02488852134501343,0.028792953491210936,0.0017235776565839957,10.0,0.5,0.01,"{'svr__C': 10, 'svr__epsilon': 0.5, 'svr__gamma': 0.01}",-346.69725230867743,-594.3422725077355,-1919.526777709013,-1578.3750824264487,-529.8767084388512,-993.7636186781452,631.226005471776,69
0.07396531105041504,0.04488867000286394,0.03184452056884766,0.006028584937625913,10.0,1.0,0.01,"{'svr__C': 10, 'svr__epsilon': 1.0, 'svr__gamma': 0.01}",-346.69725230867743,-594.4363449603694,-1919.526777709013,-1578.3750824264487,-529.8767084388512,-993.7824331686719,631.2141012220238,70
0.057167577743530276,0.016130706713671207,0.04201202392578125,0.01551838796505195,1.0,1.0,0.1,"{'svr__C': 1, 'svr__epsilon': 1.0, 'svr__gamma': 0.1}",-353.32762396118903,-598.0835386674906,-1930.4074946017051,-1599.9364110268418,-542.7064761256743,-1004.8923088765802,634.712769787279,71
0.045453643798828124,0.0022034177556430434,0.044838333129882814,0.017582404479710458,1.0,1.0,auto,"{'svr__C': 1, 'svr__epsilon': 1.0, 'svr__gamma': 'auto'}",-353.4623210827058,-598.2720575064004,-1930.5215575369282,-1599.5237039386125,-542.7418802062938,-1004.9043040541883,634.6117045550172,72
0.05317420959472656,0.013877647786050124,0.04440021514892578,0.013409871672265369,1.0,0.5,auto,"{'svr__C': 1, 'svr__epsilon': 0.5, 'svr__gamma': 'auto'}",-353.4623210827058,-598.2230240964749,-1930.5215575369282,-1599.5237039386125,-542.9444938623935,-1004.9350201034229,634.5884828492817,73
0.043839454650878906,0.000750619994492953,0.029366588592529295,0.0020817685943019283,10.0,1.0,0.001,"{'svr__C': 10, 'svr__epsilon': 1.0, 'svr__gamma': 0.001}",-353.6466062798389,-598.4128623737869,-1930.9250862754038,-1598.704331244581,-543.045732678777,-1004.9469237704776,634.475873983778,74
0.05638284683227539,0.016056647971988566,0.04797859191894531,0.028713063619232388,1.0,0.2,auto,"{'svr__C': 1, 'svr__epsilon': 0.2, 'svr__gamma': 'auto'}",-353.4623210827058,-598.1780480803843,-1930.5215575369282,-1599.5237039386125,-543.0662467387081,-1004.9503754754678,634.5765226845674,75
0.04705677032470703,0.007721175078637556,0.036014461517333986,0.011177329649364411,1.0,0.1,auto,"{'svr__C': 1, 'svr__epsilon': 0.1, 'svr__gamma': 'auto'}",-353.4623210827058,-598.1780480803843,-1930.5215575369282,-1599.5237039386125,-543.1068617905623,-1004.9584984858386,634.5706104345164,76
0.04335484504699707,0.0006952222089907549,0.03780031204223633,0.015134247847925539,1.0,0.5,0.1,"{'svr__C': 1, 'svr__epsilon': 0.5, 'svr__gamma': 0.1}",-353.32762396118903,-598.1031968288856,-1930.4074946017051,-1600.1963763064603,-542.7856263798839,-1004.9640636156248,634.7474729812174,77
0.06827516555786133,0.028530211283475673,0.03565964698791504,0.013873533345855033,1.0,0.01,auto,"{'svr__C': 1, 'svr__epsilon': 0.01, 'svr__gamma': 'auto'}",-353.4623210827058,-598.1780480803843,-1930.5215575369282,-1599.5237039386125,-543.1434284822066,-1004.9658118241674,634.5652878046676,78
0.06070518493652344,0.015076411166864357,0.04365119934082031,0.01907242417870935,10.0,0.5,0.001,"{'svr__C': 10, 'svr__epsilon': 0.5, 'svr__gamma': 0.001}",-353.6466062798389,-598.3195144345281,-1930.9250862754038,-1598.704331244581,-543.2480133325514,-1004.9687103133807,634.4583913038492,79
0.0633026123046875,0.012505107668244397,0.046624612808227536,0.013409803421525089,10.0,0.2,0.001,"{'svr__C': 10, 'svr__epsilon': 0.2, 'svr__gamma': 0.001}",-353.6466062798389,-598.3161120639822,-1930.9250862754038,-1598.704331244581,-543.3695664234835,-1004.992340457458,634.4411372950079,80
0.06076645851135254,0.018814706587921778,0.05132083892822266,0.02460982573188383,1.0,0.2,0.1,"{'svr__C': 1, 'svr__epsilon': 0.2, 'svr__gamma': 0.1}",-353.32762396118903,-598.1163967979843,-1930.4074946017051,-1600.3524101875976,-542.7856263798839,-1004.997910385672,634.7750472076095,81
0.06372766494750977,0.026746527611740605,0.03098783493041992,0.004705699995291734,10.0,0.1,0.001,"{'svr__C': 10, 'svr__epsilon': 0.1, 'svr__gamma': 0.001}",-353.6466062798389,-598.3161120639822,-1930.9250862754038,-1598.704331244581,-543.4101148829227,-1005.0004501493459,634.4352368195827,82
0.05321311950683594,0.013898301139112543,0.040024852752685545,0.015421022706127177,10.0,0.01,0.001,"{'svr__C': 10, 'svr__epsilon': 0.01, 'svr__gamma': 0.001}",-353.6466062798389,-598.3161120639822,-1930.9250862754038,-1598.704331244581,-543.4466216425634,-1005.0077515012739,634.429924786489,83
0.05409784317016601,0.011640579766645063,0.03929071426391602,0.013411024849261823,1.0,0.1,0.1,"{'svr__C': 1, 'svr__epsilon': 0.1, 'svr__gamma': 0.1}",-353.32762396118903,-598.1208026155082,-1930.4074946017051,-1600.4044305975374,-542.7856263798839,-1005.0091956311647,634.7842406290091,84
0.059852218627929686,0.02154654134504092,0.04194254875183105,0.012622657193123043,1.0,0.01,0.1,"{'svr__C': 1, 'svr__epsilon': 0.01, 'svr__gamma': 0.1}",-353.32762396118903,-598.1247703425845,-1930.4074946017051,-1600.4512528630494,-542.7856263798839,-1005.0193536296825,634.7925155687086,85
0.04432587623596192,0.003823438783499041,0.042102718353271486,0.021879784717713163,1.0,1.0,scale,"{'svr__C': 1, 'svr__epsilon': 1.0, 'svr__gamma': 'scale'}",-353.7375464832553,-598.438813921249,-1931.035891904887,-1599.873729701066,-543.2093257031862,-1005.2590615427287,634.6813846449317,86
0.056334304809570315,0.025850355218455613,0.034748077392578125,0.009527698310596551,1.0,0.5,scale,"{'svr__C': 1, 'svr__epsilon': 0.5, 'svr__gamma': 'scale'}",-353.7375464832553,-598.3814258659061,-1931.035891904887,-1599.873729701066,-543.4117009433818,-1005.2880589796993,634.6592815853453,87
0.05773735046386719,0.018140949634857708,0.03505473136901856,0.009750308930379144,1.0,0.2,scale,"{'svr__C': 1, 'svr__epsilon': 0.2, 'svr__gamma': 'scale'}",-353.7375464832553,-598.3594339750401,-1931.035891904887,-1599.873729701066,-543.5333106967234,-1005.3079825521943,634.6444030719172,88
0.05706791877746582,0.014986213225855924,0.036357688903808597,0.009128738718899005,1.0,0.1,scale,"{'svr__C': 1, 'svr__epsilon': 0.1, 'svr__gamma': 'scale'}",-353.7375464832553,-598.3594339750401,-1931.035891904887,-1599.873729701066,-543.5738780287319,-1005.316096018596,634.6384997991006,89
0.05995502471923828,0.014107685257843509,0.05866742134094238,0.018244358728495343,1.0,0.01,scale,"{'svr__C': 1, 'svr__epsilon': 0.01, 'svr__gamma': 'scale'}",-353.7375464832553,-598.3594339750401,-1931.035891904887,-1599.873729701066,-543.6104017673164,-1005.3234007663128,634.6331852494518,90
0.0625028133392334,0.011897897114059216,0.035927534103393555,0.014531852628648284,1.0,1.0,0.01,"{'svr__C': 1, 'svr__epsilon': 1.0, 'svr__gamma': 0.01}",-353.9019824619633,-598.5319765213925,-1931.3606598386796,-1600.1774372539946,-543.5435688378485,-1005.5031249827756,634.7386719985984,91
0.05460734367370605,0.007083517725793894,0.037636852264404295,0.00884562249301765,1.0,0.5,0.01,"{'svr__C': 1, 'svr__epsilon': 0.5, 'svr__gamma': 0.01}",-353.9019824619633,-598.477489753935,-1931.3606598386796,-1600.1774372539946,-543.7458045290834,-1005.5326747675311,634.7162275882338,92
0.06890616416931153,0.03660553055503653,0.04400548934936523,0.017691825518845017,1.0,0.2,0.01,"{'svr__C': 1, 'svr__epsilon': 0.2, 'svr__gamma': 0.01}",-353.9019824619633,-598.463914592192,-1931.3606598386796,-1600.1774372539946,-543.8673304895021,-1005.5542649272663,634.7002873696343,93
0.0642777442932129,0.017902612410618007,0.05181255340576172,0.016830445291476124,1.0,0.1,0.01,"{'svr__C': 1, 'svr__epsilon': 0.1, 'svr__gamma': 0.01}",-353.9019824619633,-598.463914592192,-1931.3606598386796,-1600.1774372539946,-543.9078698799792,-1005.5623728053619,634.694389802905,94
0.06192340850830078,0.0207606204378286,0.032235145568847656,0.005640478583147949,1.0,0.01,0.01,"{'svr__C': 1, 'svr__epsilon': 0.01, 'svr__gamma': 0.01}",-353.9019824619633,-598.463914592192,-1931.3606598386796,-1600.1774372539946,-543.9443684666802,-1005.569672522702,634.6890803894968,95
0.05850715637207031,0.0169536946280461,0.03670024871826172,0.013108217793357456,0.1,1.0,auto,"{'svr__C': 0.1, 'svr__epsilon': 1.0, 'svr__gamma': 'auto'}",-354.5857793290298,-598.8902614214459,-1932.3951342769292,-1601.8680803632299,-544.8348208262046,-1006.5148152433678,634.9830765389454,96
0.04585590362548828,0.002829909505325473,0.03336348533630371,0.004772495762210683,1.0,1.0,0.001,"{'svr__C': 1, 'svr__epsilon': 1.0, 'svr__gamma': 0.001}",-354.6061162349365,-598.9045276199726,-1932.413205551083,-1601.7862430037478,-544.8658847020217,-1006.5151954223522,634.9624769025077,97
0.05842127799987793,0.014439354647931071,0.04339241981506348,0.0244561723280627,0.1,1.0,0.1,"{'svr__C': 0.1, 'svr__epsilon': 1.0, 'svr__gamma': 0.1}",-354.5700290671122,-598.8711727527876,-1932.4279305521302,-1601.9798915730219,-544.8276676665517,-1006.5353383223207,635.0203331935257,98
0.0481870174407959,0.002487457674671292,0.04288692474365234,0.01579551355029807,0.1,1.0,scale,"{'svr__C': 0.1, 'svr__epsilon': 1.0, 'svr__gamma': 'scale'}",-354.6151438781251,-598.9071499832702,-1932.4252868075366,-1601.9031802541165,-544.8820997322542,-1006.5465721310605,634.983378654106,99
0.047058820724487305,0.004967391408758982,0.04305272102355957,0.011804910144147083,0.1,1.0,0.01,"{'svr__C': 0.1, 'svr__epsilon': 1.0, 'svr__gamma': 0.01}",-354.63257095731,-598.9165640832,-1932.445739618413,-1601.9336003055148,-544.9157225661615,-1006.56883950612,634.9853713040134,100
0.06390061378479003,0.017464653440827854,0.04180397987365723,0.018290060902694617,1.0,0.5,0.001,"{'svr__C': 1, 'svr__epsilon': 0.5, 'svr__gamma': 0.001}",-354.6061162349365,-598.8951974483404,-1932.5632317293653,-1601.7862430037478,-545.0677820379132,-1006.5837140908607,634.9780764336978,101
0.04928855895996094,0.008746832028495634,0.03979339599609375,0.020803512948540038,0.1,0.5,auto,"{'svr__C': 0.1, 'svr__epsilon': 0.5, 'svr__gamma': 'auto'}",-354.5857793290298,-598.8853639251813,-1932.5451738278034,-1601.8680803632299,-545.0367475566476,-1006.5842290003782,634.9981032449757,102
0.1672132968902588,0.10502039267153918,0.04096908569335937,0.021375203697667548,0.1,0.01,auto,"{'svr__C': 0.1, 'svr__epsilon': 0.01, 'svr__gamma': 'auto'}",-354.5921866196997,-598.8808676899383,-1932.612755449707,-1601.86808036323,-545.0743354028642,-1006.6056451050879,635.0116107974728,103
0.05401606559753418,0.011531249195004428,0.04471321105957031,0.01912820739062381,0.1,0.1,auto,"{'svr__C': 0.1, 'svr__epsilon': 0.1, 'svr__gamma': 'auto'}",-354.5921866196997,-598.8808676899383,-1932.612755449707,-1601.86808036323,-545.0743354028642,-1006.6056451050879,635.0116107974728,103
0.05492401123046875,0.014312840495053384,0.043823862075805665,0.013499925471851346,0.1,0.2,auto,"{'svr__C': 0.1, 'svr__epsilon': 0.2, 'svr__gamma': 'auto'}",-354.5921866196997,-598.8808676899383,-1932.612755449707,-1601.8680803632299,-545.0743354028642,-1006.6056451050879,635.0116107974728,103
0.06756439208984374,0.025865072589653797,0.04095816612243652,0.023839349446896484,0.1,0.5,0.1,"{'svr__C': 0.1, 'svr__epsilon': 0.5, 'svr__gamma': 0.1}",-354.5700290671122,-598.8711727527876,-1932.577993051429,-1601.9798915730219,-545.0296243964291,-1006.605742168156,635.0347313239087,106
0.047672271728515625,0.000748776252319137,0.03576655387878418,0.007552135211067467,1.0,0.2,0.001,"{'svr__C': 1, 'svr__epsilon': 0.2, 'svr__gamma': 0.001}",-354.6107965015421,-598.8948571959013,-1932.6513391066794,-1601.7862430037478,-545.0954391743041,-1006.6077349964349,634.9988363506537,107
0.056607818603515624,0.013551909833688718,0.03906550407409668,0.010136660228840227,1.0,0.01,0.001,"{'svr__C': 1, 'svr__epsilon': 0.01, 'svr__gamma': 0.001}",-354.6107965015421,-598.8948571959013,-1932.6531528210517,-1601.7862430037478,-545.0954391743041,-1006.6080977393094,634.9993653529493,108
0.06032156944274902,0.021955782008979224,0.03165655136108399,0.00933227202348823,1.0,0.1,0.001,"{'svr__C': 1, 'svr__epsilon': 0.1, 'svr__gamma': 0.001}",-354.6107965015421,-598.8948571959013,-1932.6531528210517,-1601.7862430037478,-545.0954391743041,-1006.6080977393094,634.9993653529493,108
0.06051454544067383,0.021829376414593937,0.031001520156860352,0.0030121497093348604,0.1,0.5,scale,"{'svr__C': 0.1, 'svr__epsilon': 0.5, 'svr__gamma': 'scale'}",-354.6151438781251,-598.9014159165657,-1932.5753127104142,-1601.9031802541165,-545.0840067919625,-1006.6158119102369,634.9985125939166,110
0.05449237823486328,0.016035972348668083,0.04710588455200195,0.022586405068337003,0.1,0.1,0.1,"{'svr__C': 0.1, 'svr__epsilon': 0.1, 'svr__gamma': 0.1}",-354.57853954951213,-598.8667928975158,-1932.6012581742361,-1601.9798915730219,-545.1224018228589,-1006.6297768034289,635.0268447361716,111
0.055478811264038086,0.009114938845349667,0.04668793678283691,0.016647297112879544,0.1,0.01,0.1,"{'svr__C': 0.1, 'svr__epsilon': 0.01, 'svr__gamma': 0.1}",-354.57853954951213,-598.8667928975158,-1932.6012581742361,-1601.9798915730219,-545.1224018228589,-1006.6297768034289,635.0268447361716,111
0.0644345760345459,0.018229542809602116,0.0512794017791748,0.02419115286752409,0.1,0.2,0.1,"{'svr__C': 0.1, 'svr__epsilon': 0.2, 'svr__gamma': 0.1}",-354.57853954951213,-598.8667928975158,-1932.6012581742361,-1601.9798915730219,-545.1224018228589,-1006.6297768034289,635.0268447361716,111
0.05835161209106445,0.01532201064457667,0.04196534156799316,0.015551784421693653,0.1,0.5,0.01,"{'svr__C': 0.1, 'svr__epsilon': 0.5, 'svr__gamma': 0.01}",-354.63257095731,-598.9111188170111,-1932.595757677462,-1601.9336003055148,-545.1176182526166,-1006.638133201983,635.000468134424,114
0.05141053199768066,0.007681256066134836,0.04108772277832031,0.012944175974766473,0.1,0.2,scale,"{'svr__C': 0.1, 'svr__epsilon': 0.2, 'svr__gamma': 'scale'}",-354.6199083236009,-598.8992171887105,-1932.6624474869961,-1601.9031802541165,-545.1115945614359,-1006.639269562972,635.0192189150357,115
0.1991270065307617,0.009273841941683167,0.04311370849609375,0.01254541504724739,0.1,0.01,scale,"{'svr__C': 0.1, 'svr__epsilon': 0.01, 'svr__gamma': 'scale'}",-354.6199083236009,-598.8992171887105,-1932.664237572755,-1601.9031802541165,-545.1115945614359,-1006.6396275801237,635.0197409973457,116
0.05488710403442383,0.010329168243197889,0.05077862739562988,0.018550497511523583,0.1,0.1,scale,"{'svr__C': 0.1, 'svr__epsilon': 0.1, 'svr__gamma': 'scale'}",-354.6199083236009,-598.8992171887105,-1932.664237572755,-1601.9031802541165,-545.1115945614359,-1006.6396275801237,635.0197409973457,116
0.05160269737243652,0.012680122905752132,0.04340181350708008,0.015335277215863046,0.1,0.2,0.01,"{'svr__C': 0.1, 'svr__epsilon': 0.2, 'svr__gamma': 0.01}",-354.63257095731,-598.9097614921305,-1932.6858250132286,-1601.9336003055148,-545.1394925379911,-1006.6602500612349,635.0237305561175,118
0.060820484161376955,0.011458863849904683,0.048095417022705075,0.01718208410256419,0.1,0.01,0.01,"{'svr__C': 0.1, 'svr__epsilon': 0.01, 'svr__gamma': 0.01}",-354.6364414539201,-598.9097614921305,-1932.6967373129287,-1601.9336003055148,-545.1394925379911,-1006.6632066204971,635.0261183184136,119
0.07337956428527832,0.026364021984021303,0.03721675872802734,0.014501090765367299,0.1,0.1,0.01,"{'svr__C': 0.1, 'svr__epsilon': 0.1, 'svr__gamma': 0.01}",-354.6364414539201,-598.9097614921305,-1932.6967373129287,-1601.9336003055148,-545.1394925379911,-1006.6632066204971,635.0261183184136,119
0.07306299209594727,0.03337258975448726,0.03992781639099121,0.016647324043598623,0.1,1.0,0.001,"{'svr__C': 0.1, 'svr__epsilon': 1.0, 'svr__gamma': 0.001}",-354.7070373103875,-598.9540208116542,-1932.531956015332,-1602.0945553716942,-545.0481218442724,-1006.6671382706681,635.0013457453014,121
0.0601381778717041,0.021335593300961273,0.041841554641723636,0.013439803436827208,0.1,0.5,0.001,"{'svr__C': 0.1, 'svr__epsilon': 0.5, 'svr__gamma': 0.001}",-354.7070373103875,-598.9530878411739,-1932.6819453385187,-1602.0945553716942,-545.2499844991562,-1006.737322072186,635.0158607896411,122
0.04672250747680664,0.004069185999283268,0.040676212310791014,0.017202856120967426,0.1,0.2,0.001,"{'svr__C': 0.1, 'svr__epsilon': 0.2, 'svr__gamma': 0.001}",-354.7070373103875,-598.9530538157948,-1932.7719954323895,-1602.0945553716942,-545.2527494141958,-1006.7558782688924,635.041724971045,123
0.051683902740478516,0.008379924492682904,0.04633626937866211,0.014770292865226338,0.1,0.1,0.001,"{'svr__C': 0.1, 'svr__epsilon': 0.1, 'svr__gamma': 0.001}",-354.7070373103875,-598.9530538157948,-1932.8020215456906,-1602.0945553716942,-545.2527494141958,-1006.7618834915527,635.0504818236045,124
0.04614830017089844,0.003872263865313951,0.03342885971069336,0.005232089844885289,0.1,0.01,0.001,"{'svr__C': 0.1, 'svr__epsilon': 0.01, 'svr__gamma': 0.001}",-354.70750568231165,-598.9530538157948,-1932.8260307585722,-1602.0945553716942,-545.2527494141958,-1006.7667790085137,635.0573877942134,125
