projectname,cat2,forg,center,year,mode,rely,data,cplx,time,stor,virt,turn,acap,aexp,pcap,vexp,lexp,modp,tool,sced,equivphyskloc,act_effort
de,avionicsmonitoring,g,2,1979.0,semidetached,h,l,h,n,n,l,l,n,n,n,n,h,h,n,l,25.9,117.6
de,avionicsmonitoring,g,2,1979.0,semidetached,h,l,h,n,n,l,l,n,n,n,n,h,h,n,l,24.6,117.6
de,avionicsmonitoring,g,2,1979.0,semidetached,h,l,h,n,n,l,l,n,n,n,n,h,h,n,l,7.7,31.2
de,avionicsmonitoring,g,2,1979.0,semidetached,h,l,h,n,n,l,l,n,n,n,n,h,h,n,l,8.2,36.0
de,avionicsmonitoring,g,2,1979.0,semidetached,h,l,h,n,n,l,l,n,n,n,n,h,h,n,l,9.7,25.2
de,avionicsmonitoring,g,2,1979.0,semidetached,h,l,h,n,n,l,l,n,n,n,n,h,h,n,l,2.2,8.4
de,avionicsmonitoring,g,2,1979.0,semidetached,h,l,h,n,n,l,l,n,n,n,n,h,h,n,l,3.5,10.8
erb,avionicsmonitoring,g,2,1982.0,semidetached,h,l,h,n,n,l,l,n,n,n,n,h,h,n,l,66.6,352.8
gal,missionplanning,g,1,1980.0,semidetached,h,l,h,xh,xh,l,h,h,h,h,n,h,h,h,n,7.5,72.0
gal,missionplanning,g,1,1980.0,semidetached,n,l,h,n,n,l,l,h,vh,vh,n,h,n,n,n,20.0,72.0
gal,missionplanning,g,1,1984.0,semidetached,n,l,h,n,n,l,l,h,vh,h,n,h,n,n,n,6.0,24.0
gal,missionplanning,g,1,1980.0,semidetached,n,l,h,n,n,l,l,h,vh,vh,n,h,n,n,n,100.0,360.0
gal,missionplanning,g,1,1985.0,semidetached,n,l,h,n,n,l,l,h,vh,n,n,l,n,n,n,11.3,36.0
gal,missionplanning,g,1,1980.0,semidetached,n,l,h,n,n,h,l,h,h,h,l,vl,n,n,n,100.0,215.0
gal,missionplanning,g,1,1983.0,semidetached,n,l,h,n,n,l,l,h,vh,h,n,h,n,n,n,20.0,48.0
gal,missionplanning,g,1,1982.0,semidetached,n,l,h,n,n,l,l,h,n,n,n,vl,n,n,n,100.0,360.0
gal,missionplanning,g,1,1980.0,semidetached,n,l,h,n,xh,l,l,h,vh,vh,n,h,n,n,n,150.0,324.0
gal,missionplanning,g,1,1984.0,semidetached,n,l,h,n,n,l,l,h,h,h,n,h,n,n,n,31.5,60.0
gal,missionplanning,g,1,1983.0,semidetached,n,l,h,n,n,l,l,h,vh,h,n,h,n,n,n,15.0,48.0
gal,missionplanning,g,1,1984.0,semidetached,n,l,h,n,xh,l,l,h,h,n,n,h,n,n,n,32.5,60.0
X,avionicsmonitoring,g,2,1985.0,semidetached,h,l,h,n,n,l,l,n,n,n,n,h,h,n,l,19.7,60.0
X,avionicsmonitoring,g,2,1985.0,semidetached,h,l,h,n,n,l,l,n,n,n,n,h,h,n,l,66.6,300.0
X,simulation,g,2,1985.0,semidetached,h,l,h,n,n,l,l,n,n,n,n,h,h,n,l,29.5,120.0
X,monitor_control,g,2,1986.0,semidetached,h,n,n,h,n,n,n,n,h,h,n,n,n,n,n,15.0,90.0
X,monitor_control,g,2,1986.0,semidetached,h,n,h,n,n,n,n,n,h,h,n,n,n,n,n,38.0,210.0
X,monitor_control,g,2,1986.0,semidetached,n,n,n,n,n,n,n,n,h,h,n,n,n,n,n,10.0,48.0
X,realdataprocessing,g,2,1982.0,semidetached,n,vh,h,vh,vh,l,h,vh,h,n,l,h,vh,vh,l,15.4,70.0
X,realdataprocessing,g,2,1982.0,semidetached,n,vh,h,vh,vh,l,h,vh,h,n,l,h,vh,vh,l,48.5,239.0
X,realdataprocessing,g,2,1982.0,semidetached,n,vh,h,vh,vh,l,h,vh,h,n,l,h,vh,vh,l,16.3,82.0
X,communications,g,2,1982.0,semidetached,n,vh,h,vh,vh,l,h,vh,h,n,l,h,vh,vh,l,12.8,62.0
X,batchdataprocessing,g,2,1982.0,semidetached,n,vh,h,vh,vh,l,h,vh,h,n,l,h,vh,vh,l,32.6,170.0
X,datacapture,g,2,1982.0,semidetached,n,vh,h,vh,vh,l,h,vh,h,n,l,h,vh,vh,l,35.5,192.0
X,missionplanning,g,2,1985.0,semidetached,h,l,h,n,n,l,l,n,n,n,n,h,h,n,l,5.5,18.0
X,avionicsmonitoring,g,2,1987.0,semidetached,h,l,h,n,n,l,l,n,n,n,n,h,h,n,l,10.4,50.0
X,avionicsmonitoring,g,2,1987.0,semidetached,h,l,h,n,n,l,l,n,n,n,n,h,h,n,l,14.0,60.0
X,monitor_control,g,2,1986.0,semidetached,h,n,h,n,n,n,n,n,n,n,n,n,n,n,n,6.5,42.0
X,monitor_control,g,2,1986.0,semidetached,n,n,h,n,n,n,n,n,n,n,n,n,n,n,n,13.0,60.0
X,monitor_control,g,2,1986.0,semidetached,n,n,h,n,n,n,n,n,n,h,n,h,h,h,n,90.0,444.0
X,monitor_control,g,2,1986.0,semidetached,n,n,h,n,n,n,n,n,n,n,n,n,n,n,n,8.0,42.0
X,monitor_control,g,2,1986.0,semidetached,n,n,h,h,n,n,n,n,n,n,n,n,n,n,n,16.0,114.0
hst,datacapture,g,2,1980.0,semidetached,n,h,h,vh,h,l,h,h,n,h,l,h,h,n,l,177.9,1248.0
slp,launchprocessing,g,6,1975.0,semidetached,h,l,h,n,n,l,l,n,n,h,n,n,h,vl,n,302.0,2400.0
Y,application_ground,g,5,1982.0,semidetached,n,h,l,n,n,h,n,h,h,n,n,n,h,h,n,282.1,1368.0
Y,application_ground,g,5,1982.0,semidetached,h,h,l,n,n,n,h,h,h,n,n,n,h,n,n,284.7,973.0
Y,avionicsmonitoring,g,5,1982.0,semidetached,h,h,n,n,n,l,l,n,h,h,n,h,n,n,n,79.0,400.0
Y,avionicsmonitoring,g,5,1977.0,semidetached,l,n,n,n,n,l,l,h,h,vh,n,h,l,l,h,423.0,2400.0
Y,missionplanning,g,5,1977.0,semidetached,n,n,n,n,n,l,n,h,vh,vh,l,h,h,n,n,190.0,420.0
Y,missionplanning,g,5,1984.0,semidetached,n,n,h,n,h,n,n,h,h,n,n,h,h,n,h,47.5,252.0
Y,missionplanning,g,5,1980.0,semidetached,vh,n,xh,h,h,l,l,n,h,n,n,n,l,h,n,21.0,107.0
Y,simulation,g,5,1983.0,semidetached,n,h,h,vh,n,n,h,h,h,h,n,h,l,l,h,78.0,571.4
Y,simulation,g,5,1984.0,semidetached,n,h,h,vh,n,n,h,h,h,h,n,h,l,l,h,11.4,98.8
Y,simulation,g,5,1985.0,semidetached,n,h,h,vh,n,n,h,h,h,h,n,h,l,l,h,19.3,155.0
Y,missionplanning,g,5,1979.0,semidetached,h,n,vh,h,h,l,h,h,n,n,h,h,l,vh,h,101.0,750.0
Y,missionplanning,g,5,1979.0,semidetached,h,n,h,h,h,l,h,n,h,n,n,n,l,vh,n,219.0,2120.0
Y,utility,g,5,1979.0,semidetached,h,n,h,h,h,l,h,n,h,n,n,n,l,vh,n,50.0,370.0
spl,datacapture,g,2,1979.0,semidetached,vh,h,h,vh,vh,n,n,vh,vh,vh,n,h,h,h,l,227.0,1181.0
spl,batchdataprocessing,g,2,1977.0,semidetached,n,h,vh,n,n,l,n,h,n,vh,l,n,h,n,l,70.0,278.0
de,avionicsmonitoring,g,2,1979.0,semidetached,h,l,h,n,n,l,l,n,n,n,n,h,h,n,l,0.9,8.4
slp,operatingsystem,g,6,1974.0,semidetached,vh,l,xh,xh,vh,l,l,h,vh,h,vl,h,vl,vl,h,980.0,4560.0
slp,operatingsystem,g,6,1975.0,embedded,n,l,h,n,n,l,l,vh,n,vh,h,h,n,l,n,350.0,720.0
Y,operatingsystem,g,5,1976.0,embedded,h,n,xh,h,h,l,l,h,n,n,h,h,h,h,n,70.0,458.0
Y,utility,g,5,1979.0,embedded,h,n,xh,h,h,l,l,h,n,n,h,h,h,h,n,271.0,2460.0
Y,avionicsmonitoring,g,5,1971.0,organic,n,n,n,n,n,l,l,h,h,h,n,h,n,l,n,90.0,162.0
Y,avionicsmonitoring,g,5,1980.0,organic,n,n,n,n,n,l,l,h,h,h,n,h,n,l,n,40.0,150.0
Y,avionicsmonitoring,g,5,1979.0,embedded,h,n,h,h,n,l,l,h,h,h,n,h,n,n,n,137.0,636.0
Y,avionicsmonitoring,g,5,1977.0,embedded,h,n,h,h,n,h,l,h,h,h,n,h,n,vl,n,150.0,882.0
Y,avionicsmonitoring,g,5,1976.0,embedded,vh,n,h,h,n,l,l,h,h,h,n,h,n,n,n,339.0,444.0
Y,avionicsmonitoring,g,5,1983.0,organic,l,h,l,n,n,h,l,h,h,h,n,h,n,l,n,240.0,192.0
Y,avionicsmonitoring,g,5,1978.0,semidetached,h,n,h,n,vh,l,n,h,h,h,h,h,l,l,l,144.0,576.0
Y,avionicsmonitoring,g,5,1979.0,semidetached,n,l,n,n,vh,l,n,h,h,h,h,h,l,l,l,151.0,432.0
Y,avionicsmonitoring,g,5,1979.0,semidetached,n,l,h,n,vh,l,n,h,h,h,h,h,l,l,l,34.0,72.0
Y,avionicsmonitoring,g,5,1979.0,semidetached,n,n,h,n,vh,l,n,h,h,h,h,h,l,l,l,98.0,300.0
Y,avionicsmonitoring,g,5,1979.0,semidetached,n,n,h,n,vh,l,n,h,h,h,h,h,l,l,l,85.0,300.0
Y,avionicsmonitoring,g,5,1982.0,semidetached,n,l,n,n,vh,l,n,h,h,h,h,h,l,l,l,20.0,240.0
Y,avionicsmonitoring,g,5,1978.0,semidetached,n,l,n,n,vh,l,n,h,h,h,h,h,l,l,l,111.0,600.0
Y,avionicsmonitoring,g,5,1978.0,semidetached,h,vh,h,n,vh,l,n,h,h,h,h,h,l,l,l,162.0,756.0
Y,avionicsmonitoring,g,5,1978.0,semidetached,h,h,vh,n,vh,l,n,h,h,h,h,h,l,l,l,352.0,1200.0
Y,operatingsystem,g,5,1979.0,semidetached,h,n,vh,n,vh,l,n,h,h,h,h,h,l,l,l,165.0,97.0
Y,missionplanning,g,5,1984.0,embedded,h,n,vh,h,h,l,vh,h,n,n,h,h,h,vh,h,60.0,409.0
Y,missionplanning,g,5,1984.0,embedded,h,n,vh,h,h,l,vh,h,n,n,h,h,h,vh,h,100.0,703.0
hst,Avionics,f,2,1980.0,embedded,h,vh,vh,xh,xh,h,h,n,n,n,l,l,n,n,h,32.0,1350.0
hst,Avionics,f,2,1980.0,embedded,h,h,h,vh,xh,h,h,h,h,h,h,h,h,n,n,53.0,480.0
spl,Avionics,f,3,1977.0,embedded,h,l,vh,vh,xh,l,n,vh,vh,vh,vl,vl,h,h,n,41.0,599.0
spl,Avionics,f,3,1977.0,embedded,h,l,vh,vh,xh,l,n,vh,vh,vh,vl,vl,h,h,n,24.0,430.0
Y,Avionics,f,5,1977.0,embedded,vh,h,vh,xh,xh,n,n,h,h,h,h,h,h,n,h,165.0,4178.2
Y,science,f,5,1977.0,embedded,vh,h,vh,xh,xh,n,n,h,h,h,h,h,h,n,h,65.0,1772.5
Y,Avionics,f,5,1977.0,embedded,vh,h,vh,xh,xh,n,l,h,h,h,h,h,h,n,h,70.0,1645.9
Y,Avionics,f,5,1977.0,embedded,vh,h,xh,xh,xh,n,n,h,h,h,h,h,h,n,h,50.0,1924.5
gal,Avionics,f,5,1982.0,embedded,vh,l,vh,vh,xh,l,l,h,l,n,vl,l,l,h,h,7.25,648.0
Y,Avionics,f,5,1980.0,embedded,vh,h,vh,xh,xh,n,n,h,h,h,h,h,h,n,h,233.0,8211.0
X,Avionics,f,2,1983.0,embedded,h,n,vh,vh,vh,h,h,n,n,n,l,l,n,n,h,16.3,480.0
X,Avionics,f,2,1983.0,embedded,h,n,vh,vh,vh,h,h,n,n,n,l,l,n,n,h,6.2,12.0
X,science,f,2,1983.0,embedded,h,n,vh,vh,vh,h,h,n,n,n,l,l,n,n,h,3.0,38.0
